DELETE FROM Topic
DELETE FROM Users
DELETE FROM PKS
DELETE FROM Questiontype
DELETE FROM Question
DELETE FROM Criteria
DELETE FROM Answer
DELETE FROM Predict

SELECT DISTINCT Dates,Name,P.PKSID FROM Answer A,Question Q, PKS P where A.QuestionID=Q.QuestionID and Q.PKSID = P.PKSID and UserID='User001' order by Dates

SELECT DISTINCT Timereply,NameKS from Predict where UserID='User001'

select PurportCT,PurportTCT,PointCT from predict PR, Criteria CT, Criteriatype CTT where PR.CriteriaID = CT.CriteriaID and CT.CriteriatypeID = CTT.CriteriatypeID and UserID='User001' and Timereply = 1

SELECT * FROM Question

SELECT * FROM Answer

SELECT PurportCT,PointCT,Factor,PurportTCT FROM Criteria CT, Criteriatype CTT where CT.CriteriatypeID = CTT.CriteriatypeID

SELECT * FROM Users WHERE Username = 'admin' AND Password = '123456'

insert into Topic values('Topic001',N'Dịch tả heo châu Phi',null)

insert into Users values('User001','admin','123456')

UPDATE Question
SET Fileimg = null  -- Replace with the new image path or URL
WHERE QuestionID = 'QS001';

delete Answer where UserID = 'User001'  and Dates= '2024-10-18T17:56:34.037Z'

UPDATE Answer SET Priority = CASE WHEN UserID = 'User001' AND Dates = '2024-10-18 17:58:14.5880000' AND EXISTS (SELECT 1 FROM PKS WHERE PKS.PKSID = 'PKS001') THEN 1 ELSE 0 END
FROM Answer AS A
JOIN PKS ON A.UserID = 'User001' AND A.Dates = '2024-10-18 17:58:14.5880000' AND PKS.PKSID = 'PKS001';

SELECT count(DISTINCT Dates) AS DistinctCount FROM Answer where UserID='User001'

SELECT  PurportAS,PurportQT,Name FROM Answer A,Question Q, PKS P where A.QuestionID=Q.QuestionID and Q.PKSID = P.PKSID and UserID='User001' and P.PKSID='PKS001' and Dates = '2024-10-18T17:56:34.037Z' order by Q.QuestionID

insert into PKS values('PKS001',N'Phiếu điều tra thông tin trang trại',N'Tình hình trang trại',null,'Topic001')
insert into PKS values('PKS002',N'Phiếu điều tra dịch bệnh',N'Tình hình trang trại',null,'Topic001')
insert into PKS values('PKS003',N'Phiếu khảo sát',N'Tình hình trang trại',null,'Topic001')

insert into Criteriatype values('CTT001',N'Nhiệt độ')
insert into Criteriatype values('CTT002',N'Loại heo')
insert into Criteriatype values('CTT003',N'Da')
insert into Criteriatype values('CTT004',N'Sức sống')
insert into Criteriatype values('CTT005',N'Thần kinh')
insert into Criteriatype values('CTT006',N'Bỏ ăn')
insert into Criteriatype values('CTT007',N'Chảy nước mắt, mũi')
insert into Criteriatype values('CTT008',N'Hô hấp')
insert into Criteriatype values('CTT009',N'Tiêu hoá')
insert into Criteriatype values('CTT010',N'Chết đột ngột')
insert into Criteriatype values('CTT011',N'Ho')

insert into Criteria values('ST001',N'37 - 38,5',0,0,'CTT001')
insert into Criteria values('ST002',N'39 - 40',3,0.273,'CTT001')
insert into Criteria values('ST003',N'>40',7,0.637,'CTT001')

insert into Criteria values('ST004',N'4 - 10 tuần',3,0.273,'CTT002')
insert into Criteria values('ST005',N'>10 tuần',3,0.273,'CTT002')
insert into Criteria values('ST006',N'Nái',4,0.364,'CTT002')
insert into Criteria values('ST007',N'Bình thường',0,0,'CTT003')
insert into Criteria values('ST008',N'Đỏ tím',8,0.728,'CTT003')
insert into Criteria values('ST009',N'Xanh tím',2,0.182,'CTT003')
insert into Criteria values('ST010',N'Bình thường',0,0,'CTT004')
insert into Criteria values('ST011',N'Giảm linh hoạt',7,0.637,'CTT004')
insert into Criteria values('ST012',N'Không hoạt động',3,0.273,'CTT004')
insert into Criteria values('ST013',N'Bình thường',0,0,'CTT005')
insert into Criteria values('ST014',N'Loạng choạng',8,0.728,'CTT005')
insert into Criteria values('ST015',N'Liệt cơ',2,0.182,'CTT005')
insert into Criteria values('ST016',N'Không',0,0,'CTT006')
insert into Criteria values('ST017',N'<50% tổng đàn',5,0.455,'CTT006')
insert into Criteria values('ST018',N'>50% tổng đàn',5,0.455,'CTT006')
insert into Criteria values('ST019',N'Bình thường',0,0,'CTT007')
insert into Criteria values('ST020',N'Ít',4,0.364,'CTT007')
insert into Criteria values('ST021',N'Nhiều',6,0.546,'CTT007')
insert into Criteria values('ST022',N'Bình thường',0,0,'CTT008')
insert into Criteria values('ST023',N'Thở bụng',8,0.728,'CTT008')
insert into Criteria values('ST024',N'Thở khó',2,0.182,'CTT008')
insert into Criteria values('ST025',N'Bình thường',0,0,'CTT009')
insert into Criteria values('ST026',N'Tiêu chảy',4,0.364,'CTT009')
insert into Criteria values('ST027',N'Tiêu chảy, ói',6,0.546,'CTT009')
insert into Criteria values('ST028',N'Không ho',0,0,'CTT010')
insert into Criteria values('ST029',N'Ho ít',4,0.364,'CTT010')
insert into Criteria values('ST030',N'Ho nhiều',6,0.546,'CTT010')
insert into Criteria values('ST031',N'Không có',0,0,'CTT011')
insert into Criteria values('ST032',N'<50% tổng đàn',4,0.364,'CTT011')
insert into Criteria values('ST033',N'>50% tổng đàn',6,0.546,'CTT011')

insert into Questiontype values('QST001',N'Điền',null)
insert into Questiontype values('QST002',N'True/False',null)
insert into Questiontype values('QST003',N'Chọn một',null)
insert into Questiontype values('QST004',N'Chọn nhiều',null)
insert into Questiontype values('QST005',N'Điền nhiều',null)
insert into Questiontype values('QST006',N'CHọn từng đợt',null,null)

insert into Question values('QS001',N'Tên chủ cơ sở','QST001','PKS001',N'A. Thông tin chung',null)
insert into Question values('QS002',N'Số điện thoại','QST001','PKS001',N'A. Thông tin chung',null)
insert into Question values('QS003',N'Zalo','QST001','PKS001',N'A. Thông tin chung',null)
insert into Question values('QS004',N'Địa chỉ: Ấp_Xã_Huyện_','QST005','PKS001',N'A. Thông tin chung',null)
insert into Question values('QS005',N'GPS (N)','QST001','PKS001',N'A. Thông tin chung',null)
insert into Question values('QS006',N'GPS (E)','QST001','PKS001',N'A. Thông tin chung',null)
insert into Question values('QS007',N'Cơ sở chăn nuôi có heo mắc bệnh DTLCP ','QST002','PKS001',N'A. Thông tin chung',null)
insert into Question values('QS008',N'Nếu có, thời gian xảy ra bệnh (ngày, tháng, năm)','QST001','PKS001',N'A. Thông tin chung',null)
insert into Question values('QS009',N'Nhóm heo đực (Hệ số vật nuôi/con)','QST001','PKS001',N'B. Tình hình chăn nuôi /n 1.Cơ cấu đàn heo của cơ sở',null)
insert into Question values('QS010',N'Nhóm heo đực Số lượng (con) theo công suất chuồng trại','QST001','PKS001',N'B. Tình hình chăn nuôi /n 1.Cơ cấu đàn heo của cơ sở',null)
insert into Question values('QS011',N'Nhóm heo đực Số lượng (con) thời điểm xảy ra dịch bệnh','QST001','PKS001',N'B. Tình hình chăn nuôi /n 1.Cơ cấu đàn heo của cơ sở',null)
insert into Question values('QS012',N'Nhóm heo đực Số lượng (con) thời điểm sau khi xảy ra bệnh 21 ngày','QST001','PKS001',N'B. Tình hình chăn nuôi /n 1.Cơ cấu đàn heo của cơ sở',null)
insert into Question values('QS013',N'Nhóm heo đực Số đơn vị vật nuôi (đv) theo công suất chuồng trại','QST001','PKS001',N'B. Tình hình chăn nuôi /n 1.Cơ cấu đàn heo của cơ sở',null)
insert into Question values('QS014',N'Nhóm heo đực Số đơn vị vật nuôi (đv) thời điểm xảy ra dịch bệnh','QST001','PKS001',N'B. Tình hình chăn nuôi /n 1.Cơ cấu đàn heo của cơ sở',null)
insert into Question values('QS015',N'Nhóm heo đực Số đơn vị vật nuôi (đv) thời điểm sau khi xảy ra bệnh 21 ngày','QST001','PKS001',N'B. Tình hình chăn nuôi /n 1.Cơ cấu đàn heo của cơ sở',null)
insert into Question values('QS016',N'Nhóm heo nái (Hệ số vật nuôi/con)','QST001','PKS001',N'B. Tình hình chăn nuôi /n 1.Cơ cấu đàn heo của cơ sở',null)
insert into Question values('QS017',N'Nhóm heo nái Số lượng (con) theo công suất chuồng trại','QST001','PKS001',N'B. Tình hình chăn nuôi /n 1.Cơ cấu đàn heo của cơ sở',null)
insert into Question values('QS018',N'Nhóm heo nái Số lượng (con) thời điểm xảy ra dịch bệnh','QST001','PKS001',N'B. Tình hình chăn nuôi /n 1.Cơ cấu đàn heo của cơ sở',null)
insert into Question values('QS019',N'Nhóm heo nái Số lượng (con) thời điểm sau khi xảy ra bệnh 21 ngày','QST001','PKS001',N'B. Tình hình chăn nuôi /n 1.Cơ cấu đàn heo của cơ sở',null)
insert into Question values('QS020',N'Nhóm heo nái Số đơn vị vật nuôi (đv) theo công suất chuồng trại','QST001','PKS001',N'B. Tình hình chăn nuôi /n 1.Cơ cấu đàn heo của cơ sở',null)
insert into Question values('QS021',N'Nhóm heo nái Số đơn vị vật nuôi (đv) thời điểm xảy ra dịch bệnh','QST001','PKS001',N'B. Tình hình chăn nuôi /n 1.Cơ cấu đàn heo của cơ sở',null)
insert into Question values('QS022',N'Nhóm heo nái Số đơn vị vật nuôi (đv) thời điểm sau khi xảy ra bệnh 21 ngày','QST001','PKS001',N'B. Tình hình chăn nuôi /n 1.Cơ cấu đàn heo của cơ sở',null)
insert into Question values('QS023',N'Nhóm heo con < 28 ngày  (Hệ số vật nuôi/con)','QST001','PKS001',N'B. Tình hình chăn nuôi /n 1.Cơ cấu đàn heo của cơ sở',null)
insert into Question values('QS024',N'Nhóm heo con < 28 ngày  Số lượng (con) theo công suất chuồng trại','QST001','PKS001',N'B. Tình hình chăn nuôi /n 1.Cơ cấu đàn heo của cơ sở',null)
insert into Question values('QS025',N'Nhóm heo con < 28 ngày  Số lượng (con) thời điểm xảy ra dịch bệnh','QST001','PKS001',N'B. Tình hình chăn nuôi /n 1.Cơ cấu đàn heo của cơ sở',null)
insert into Question values('QS026',N'Nhóm heo con < 28 ngày  Số lượng (con) thời điểm sau khi xảy ra bệnh 21 ngày','QST001','PKS001',N'B. Tình hình chăn nuôi /n 1.Cơ cấu đàn heo của cơ sở',null)
insert into Question values('QS027',N'Nhóm heo con < 28 ngày  Số đơn vị vật nuôi (đv) theo công suất chuồng trại','QST001','PKS001',N'B. Tình hình chăn nuôi /n 1.Cơ cấu đàn heo của cơ sở',null)
insert into Question values('QS028',N'Nhóm heo con < 28 ngày  Số đơn vị vật nuôi (đv) thời điểm xảy ra dịch bệnh','QST001','PKS001',N'B. Tình hình chăn nuôi /n 1.Cơ cấu đàn heo của cơ sở',null)
insert into Question values('QS029',N'Nhóm heo con < 28 ngày  Số đơn vị vật nuôi (đv) thời điểm sau khi xảy ra bệnh 21 ngày','QST001','PKS001',N'B. Tình hình chăn nuôi /n 1.Cơ cấu đàn heo của cơ sở',null)
insert into Question values('QS030',N'Nhóm heo con 4 đến 10 tuần  (Hệ số vật nuôi/con)','QST001','PKS001',N'B. Tình hình chăn nuôi /n 1.Cơ cấu đàn heo của cơ sở',null)
insert into Question values('QS031',N'Nhóm heo con 4 đến 10 tuần  Số lượng (con) theo công suất chuồng trại','QST001','PKS001',N'B. Tình hình chăn nuôi /n 1.Cơ cấu đàn heo của cơ sở',null)
insert into Question values('QS032',N'Nhóm heo con 4 đến 10 tuần  Số lượng (con) thời điểm xảy ra dịch bệnh','QST001','PKS001',N'B. Tình hình chăn nuôi /n 1.Cơ cấu đàn heo của cơ sở',null)
insert into Question values('QS033',N'Nhóm heo con 4 đến 10 tuần  Số lượng (con) thời điểm sau khi xảy ra bệnh 21 ngày','QST001','PKS001',N'B. Tình hình chăn nuôi /n 1.Cơ cấu đàn heo của cơ sở',null)
insert into Question values('QS034',N'Nhóm heo con 4 đến 10 tuần  Số đơn vị vật nuôi (đv) theo công suất chuồng trại','QST001','PKS001',N'B. Tình hình chăn nuôi /n 1.Cơ cấu đàn heo của cơ sở',null)
insert into Question values('QS035',N'Nhóm heo con 4 đến 10 tuần  Số đơn vị vật nuôi (đv) thời điểm xảy ra dịch bệnh','QST001','PKS001',N'B. Tình hình chăn nuôi /n 1.Cơ cấu đàn heo của cơ sở',null)
insert into Question values('QS036',N'Nhóm heo con 4 đến 10 tuần  Số đơn vị vật nuôi (đv) thời điểm sau khi xảy ra bệnh 21 ngày','QST001','PKS001',N'B. Tình hình chăn nuôi /n 1.Cơ cấu đàn heo của cơ sở',null)
insert into Question values('QS037',N'Nhóm heo Heo thịt trên 10 tuần  (Hệ số vật nuôi/con)','QST001','PKS001',N'B. Tình hình chăn nuôi /n 1.Cơ cấu đàn heo của cơ sở',null)
insert into Question values('QS038',N'Nhóm heo Heo thịt trên 10 tuần  Số lượng (con) theo công suất chuồng trại','QST001','PKS001',N'B. Tình hình chăn nuôi /n 1.Cơ cấu đàn heo của cơ sở',null)
insert into Question values('QS039',N'Nhóm heo Heo thịt trên 10 tuần  Số lượng (con) thời điểm xảy ra dịch bệnh','QST001','PKS001',N'B. Tình hình chăn nuôi /n 1.Cơ cấu đàn heo của cơ sở',null)
insert into Question values('QS040',N'Nhóm heo Heo thịt trên 10 tuần  Số lượng (con) thời điểm sau khi xảy ra bệnh 21 ngày','QST001','PKS001',N'B. Tình hình chăn nuôi /n 1.Cơ cấu đàn heo của cơ sở',null)
insert into Question values('QS041',N'Nhóm heo Heo thịt trên 10 tuần  Số đơn vị vật nuôi (đv) theo công suất chuồng trại','QST001','PKS001',N'B. Tình hình chăn nuôi /n 1.Cơ cấu đàn heo của cơ sở',null)
insert into Question values('QS042',N'Nhóm heo Heo thịt trên 10 tuần  Số đơn vị vật nuôi (đv) thời điểm xảy ra dịch bệnh','QST001','PKS001',N'B. Tình hình chăn nuôi /n 1.Cơ cấu đàn heo của cơ sở',null)
insert into Question values('QS043',N'Nhóm heo Heo thịt trên 10 tuần  Số đơn vị vật nuôi (đv) thời điểm sau khi xảy ra bệnh 21 ngày','QST001','PKS001',N'B. Tình hình chăn nuôi /n 1.Cơ cấu đàn heo của cơ sở',null)
insert into Question values('QS044',N'Cách khu tập trung xử chất thải sinh hoạt bao nhiêu mét','QST001','PKS001',N'B. Tình hình chăn nuôi /n 2.Cơ sở chăn nuôi heo',null)
insert into Question values('QS045',N'Cách khu tập trung xử chất thải công nghiệp bao nhiêu mét','QST001','PKS001',N'B. Tình hình chăn nuôi /n 2.Cơ sở chăn nuôi heo',null)
insert into Question values('QS046',N'Cách cộng đồng dân cư bao nhiêu mét','QST001','PKS001',N'B. Tình hình chăn nuôi /n 2.Cơ sở chăn nuôi heo',null)
insert into Question values('QS047',N'Cách trường học bao nhiêu mét ','QST001','PKS001',N'B. Tình hình chăn nuôi /n 2.Cơ sở chăn nuôi heo',null)
insert into Question values('QS048',N'Cách bệnh viện bao nhiêu mét','QST001','PKS001',N'B. Tình hình chăn nuôi /n 2.Cơ sở chăn nuôi heo',null)
insert into Question values('QS049',N'Cách chợ bao nhiêu mét','QST001','PKS001',N'B. Tình hình chăn nuôi /n 2.Cơ sở chăn nuôi heo',null)
insert into Question values('QS050',N'Cách nguồn nước sinh hoạt cho cộng đồng dân cư bao nhiêu mét','QST001','PKS001',N'B. Tình hình chăn nuôi /n 2.Cơ sở chăn nuôi heo',null)
insert into Question values('QS051',N'Cách cơ sở chăn nuôi gần nhất ','QST001','PKS001',N'B. Tình hình chăn nuôi /n 2.Cơ sở chăn nuôi heo',null)
insert into Question values('QS052',N'Cách đường giao thông chung (liên xã) bao nhiêu mét','QST001','PKS001',N'B. Tình hình chăn nuôi /n 2.Cơ sở chăn nuôi heo',null)
insert into Question values('QS053',N'Cách lò mổ hay cơ sở thu gom động vật bao nhiêu mét','QST001','PKS001',N'B. Tình hình chăn nuôi /n 2.Cơ sở chăn nuôi heo',null)
insert into Question values('QS054',N'Cách nơi chôn xử lý heo bao nhiêu mét','QST001','PKS001',N'B. Tình hình chăn nuôi /n 2.Cơ sở chăn nuôi heo',null)
insert into Question values('QS055',N'Có tình trạng nước mặt tràn vào khu nuôi (triều cường)','QST002','PKS001',N'B. Tình hình chăn nuôi /n 2.Cơ sở chăn nuôi heo',null)
insert into Question values('QS056',N'Chuồng trại đã sử dụng được bao nhiêu năm','QST002','PKS001',N'B. Tình hình chăn nuôi /n 2.Cơ sở chăn nuôi heo',null)
insert into Question values('QS057',N'Tách biệt Cơ sở chăn nuôi có tách rời nhà ở không','QST002','PKS001',N'B. Tình hình chăn nuôi /n 2.Cơ sở chăn nuôi heo',null)
insert into Question values('QS058',N'Tách biệt Cơ sở chăn nuôi có hàng rào riêng không','QST002','PKS001',N'B. Tình hình chăn nuôi /n 2.Cơ sở chăn nuôi heo',null)
insert into Question values('QS059',N'Tách biệt Vách ngăn hở giữa các chuồng','QST002','PKS001',N'B. Tình hình chăn nuôi /n 2.Cơ sở chăn nuôi heo',null)
insert into Question values('QS060',N'Tách biệt Máng ăn chung giữa các chuồng','QST002','PKS001',N'B. Tình hình chăn nuôi /n 2.Cơ sở chăn nuôi heo',null)
insert into Question values('QS061',N'Tách biệt Sử dụng máng uống','QST002','PKS001',N'B. Tình hình chăn nuôi /n 2.Cơ sở chăn nuôi heo',null)
insert into Question values('QS062',N'Tách biệt Có lối đi bằng bê tông trong chuồng','QST002','PKS001',N'B. Tình hình chăn nuôi /n 2.Cơ sở chăn nuôi heo',null)
insert into Question values('QS063',N'Tách biệt Có lưới phủ tránh côn trùng','QST002','PKS001',N'B. Tình hình chăn nuôi /n 2.Cơ sở chăn nuôi heo',null)
insert into Question values('QS064',N'Tách biệt Người lạ vào trong trại trong vòng 21 ngày','QST002','PKS001',N'B. Tình hình chăn nuôi /n 2.Cơ sở chăn nuôi heo',null)
insert into Question values('QS065',N'Tư thương xem heo: Trực tiếp vào chuồng trại & Qua camera & Khác','QST004','PKS001',N'B. Tình hình chăn nuôi /n 2.Cơ sở chăn nuôi heo',null)
insert into Question values('QS066',N'Gieo tinh được thực hiện bởi & Chủ nuôi & Dẫn tinh viên','QST004','PKS001',N'B. Tình hình chăn nuôi /n 2.Cơ sở chăn nuôi heo',null)
insert into Question values('QS067',N'Điều trị bệnh được thực hiện bởi & Chủ nuôi & Thú y','QST004','PKS001',N'B. Tình hình chăn nuôi /n 2.Cơ sở chăn nuôi heo',null)
insert into Question values('QS068',N'Vệ sinh, tiêu độc khử trùng môi trường chăn nuôi Bố trí hố sát trùng trước khu vực chăn nuôi','QST002','PKS001',N'B. Tình hình chăn nuôi /n 2.Cơ sở chăn nuôi heo',null)
insert into Question values('QS069',N'Vệ sinh, tiêu độc khử trùng môi trường chăn nuôi Bố trí hố sát trùng trước dãy chuồng nuôi','QST002','PKS001',N'B. Tình hình chăn nuôi /n 2.Cơ sở chăn nuôi heo',null)
insert into Question values('QS070',N'Vệ sinh, tiêu độc khử trùng môi trường chăn nuôi Thay dép/ ủng khi vào chuồng trại','QST002','PKS001',N'B. Tình hình chăn nuôi /n 2.Cơ sở chăn nuôi heo',null)
insert into Question values('QS071',N'Vệ sinh, tiêu độc khử trùng môi trường chăn nuôi Thay quần áo khi vào chuồng trại','QST002','PKS001',N'B. Tình hình chăn nuôi /n 2.Cơ sở chăn nuôi heo',null)
insert into Question values('QS072',N'Vệ sinh trước khi tiêu độc, khử trùng','QST002','PKS001',N'B. Tình hình chăn nuôi /n 2.Cơ sở chăn nuôi heo',null)
insert into Question values('QS073',N'Tần suất thực hiện vệ sinh tiêu độc, khử trùng ≥ 2 lần/tuần','QST002','PKS001',N'B. Tình hình chăn nuôi /n 2.Cơ sở chăn nuôi heo',null)
insert into Question values('QS074',N'Tần suất thực hiện vệ sinh tiêu độc, khử trùng 1 lần/tuần','QST002','PKS001',N'B. Tình hình chăn nuôi /n 2.Cơ sở chăn nuôi heo',null)
insert into Question values('QS075',N'Tần suất thực hiện vệ sinh tiêu độc, khử trùng < 2 lần/tuần','QST002','PKS001',N'B. Tình hình chăn nuôi /n 2.Cơ sở chăn nuôi heo',null)
insert into Question values('QS076',N'Tên thuốc sát trùng sử dụng','QST001','PKS001',N'B. Tình hình chăn nuôi /n 2.Cơ sở chăn nuôi heo',null)
insert into Question values('QS077',N'Thay đổi thuốc sát trùng thường xuyên','QST002','PKS001',N'B. Tình hình chăn nuôi /n 2.Cơ sở chăn nuôi heo',null)
insert into Question values('QS078',N'Có bổ sung hình thức khác (vd: xông khói)','QST001','PKS001',N'B. Tình hình chăn nuôi /n 2.Cơ sở chăn nuôi heo',null)
insert into Question values('QS079',N'Biện pháp khác ngăn chặn côn trùng (ruồi, muỗi…) định kỳ','QST002','PKS001',N'B. Tình hình chăn nuôi /n 2.Cơ sở chăn nuôi heo',null)
insert into Question values('QS080',N'Nếu có, bằng cách nào','QST001','PKS001',N'B. Tình hình chăn nuôi /n 2.Cơ sở chăn nuôi heo',null)
insert into Question values('QS081',N'Biện pháp khác ngăn chặn chim hoang','QST002','PKS001',N'B. Tình hình chăn nuôi /n 2.Cơ sở chăn nuôi heo',null)
insert into Question values('QS082',N'Nếu có, bằng cách nào','QST001','PKS001',N'B. Tình hình chăn nuôi /n 2.Cơ sở chăn nuôi heo',null)
insert into Question values('QS083',N'Biện pháp diệt chuột theo định kỳ','QST002','PKS001',N'B. Tình hình chăn nuôi /n 2.Cơ sở chăn nuôi heo',null)
insert into Question values('QS084',N'Nếu có, bằng cách nào','QST001','PKS001',N'B. Tình hình chăn nuôi /n 2.Cơ sở chăn nuôi heo',null)
insert into Question values('QS085',N'Nuôi động vật khác trong cơ sở: Chó','QST002','PKS001',N'B. Tình hình chăn nuôi /n 2.Cơ sở chăn nuôi heo',null)
insert into Question values('QS086',N'Nuôi động vật khác trong cơ sở: Mèo','QST002','PKS001',N'B. Tình hình chăn nuôi /n 2.Cơ sở chăn nuôi heo',null)
insert into Question values('QS087',N'Nuôi động vật khác trong cơ sở: Gà','QST002','PKS001',N'B. Tình hình chăn nuôi /n 2.Cơ sở chăn nuôi heo',null)
insert into Question values('QS088',N'Nuôi động vật khác trong cơ sở: Vịt','QST002','PKS001',N'B. Tình hình chăn nuôi /n 2.Cơ sở chăn nuôi heo',null)
insert into Question values('QS089',N'Nuôi động vật khác trong cơ sở: Khác','QST001','PKS001',N'B. Tình hình chăn nuôi /n 2.Cơ sở chăn nuôi heo',null)
insert into Question values('QS090',N'Động vật có thể vào khu vực chăn nuôi: & Chó & Mèo & Gà & Vịt','QST004','PKS001',N'B. Tình hình chăn nuôi /n 2.Cơ sở chăn nuôi heo',null)
insert into Question values('QS091',N'Thức ăn & Hỗn hợp hoàn toàn & Hỗn hợp hoàn toàn và kèm theo phụ phẩm bổ sung','QST004','PKS001',N'B. Tình hình chăn nuôi /n 2.Cơ sở chăn nuôi heo',null)
insert into Question values('QS092',N'Nêu rõ các loại phụ phẩm bổ sung','QST001','PKS001',N'B. Tình hình chăn nuôi /n 2.Cơ sở chăn nuôi heo',null)
insert into Question values('QS093',N'Sử dụng thức ăn thừa từ nhà hàng/quán ăn/.............: ','QST002','PKS001',N'B. Tình hình chăn nuôi /n 2.Cơ sở chăn nuôi heo',null)
insert into Question values('QS094',N'Thức ăn & Hỗn hợp hoàn toàn & Hỗn hợp hoàn toàn và kèm theo phụ phẩm bổ sung','QST004','PKS001',N'B. Tình hình chăn nuôi /n 2.Cơ sở chăn nuôi heo',null)
insert into Question values('QS095',N'Cách thức vận chuyển thức ăn: & Xe đại lý/công ty đưa đến & Tự đến đại lý mua','QST004','PKS001',N'B. Tình hình chăn nuôi /n 2.Cơ sở chăn nuôi heo',null)
insert into Question values('QS096',N'Cám để bên ngoài cổng, có phương tiện riêng đưa vào kho chứa: &Có  & Không – xe chở vào luôn nhưng sát trùng xe trước & Không – xe chở vào luôn','QST004','PKS001',N'B. Tình hình chăn nuôi /n 2.Cơ sở chăn nuôi heo',null)
insert into Question values('QS097',N'Xử lý bề mặt bao thức ăn','QST002','PKS001',N'B. Tình hình chăn nuôi /n 2.Cơ sở chăn nuôi heo',null)
insert into Question values('QS098',N'Biện pháp xử lý nếu có: ','QST001','PKS001',N'B. Tình hình chăn nuôi /n 2.Cơ sở chăn nuôi heo',null)
insert into Question values('QS099',N'Nhà kho chứa thức ăn chăn nuôi có đèn UV','QST002','PKS001',N'B. Tình hình chăn nuôi /n 2.Cơ sở chăn nuôi heo',null)
insert into Question values('QS100',N'Khoảng cách nơi chứa cám so với Chuồng nuôi (mét)','QST001','PKS001',N'B. Tình hình chăn nuôi /n 2.Cơ sở chăn nuôi heo',null)
insert into Question values('QS101',N'Khoảng cách nơi chứa cám so với Nhà bếp gia đình (mét)','QST001','PKS001',N'B. Tình hình chăn nuôi /n 2.Cơ sở chăn nuôi heo',null)
insert into Question values('QS102',N'Gia đình sử dụng thịt heo: & Thường mua bên ngoài & Thỉnh thoảng mua bên ngoài & Không','QST004','PKS001',N'B. Tình hình chăn nuôi /n 2.Cơ sở chăn nuôi heo',null)
insert into Question values('QS103',N'Nước uống: &Nước máy &Nước giếng &Nước ao, kênh &Nước mưa','QST004','PKS001',N'B. Tình hình chăn nuôi /n 2.Cơ sở chăn nuôi heo',null)
insert into Question values('QS104',N'Nước tắm heo, dội chuồng: &Nước máy &Nước giếng &Nước ao, kênh &Nước mưa','QST004','PKS001',N'B. Tình hình chăn nuôi /n 2.Cơ sở chăn nuôi heo',null)
insert into Question values('QS105',N'Nếu dùng nước giếng Bồn chứa có sát trùng định kỳ','QST002','PKS001',N'B. Tình hình chăn nuôi /n 2.Cơ sở chăn nuôi heo',null)
insert into Question values('QS106',N'Bồn kín, đảm bảo không có vật lạ (chim chuột)','QST002','PKS001',N'B. Tình hình chăn nuôi /n 2.Cơ sở chăn nuôi heo',null)
insert into Question values('QS107',N'Có dùng nước sông để tưới cây cảnh','QST002','PKS001',N'B. Tình hình chăn nuôi /n 2.Cơ sở chăn nuôi heo',null)
insert into Question values('QS108',N'Nếu có thì cách dùng như thế nào','QST001','PKS001',N'B. Tình hình chăn nuôi /n 2.Cơ sở chăn nuôi heo',null)
insert into Question values('QS109',N'Nhập heo giống trong vòng 21 ngày','QST002','PKS001',N'B. Tình hình chăn nuôi /n 2.Cơ sở chăn nuôi heo',null)
insert into Question values('QS110',N'Nhập heo giống trong tỉnh, thời điểm có DTLCP','QST002','PKS001',N'B. Tình hình chăn nuôi /n 2.Cơ sở chăn nuôi heo',null)
insert into Question values('QS111',N'Nhập heo giống ngoài tỉnh có Giấy chứng nhận KDĐV','QST002','PKS001',N'B. Tình hình chăn nuôi /n 2.Cơ sở chăn nuôi heo',null)
insert into Question values('QS112',N'Hình thức phối giống cho heo nái: &Phối trực tiếp &Gieo tinh nhân tạo','QST004','PKS001',N'B. Tình hình chăn nuôi /n 2.Cơ sở chăn nuôi heo',null)
insert into Question values('QS113',N'Heo đực giống phối trực tiếp: &Tại cơ sở &Dẫn từ cơ sở khác','QST004','PKS001',N'B. Tình hình chăn nuôi /n 2.Cơ sở chăn nuôi heo',null)
insert into Question values('QS114',N'Nguồn gốc tinh dịch của heo: &Tại cơ sở &Trại/Cửa hàng trong xã; ','QST004','PKS001',N'B. Tình hình chăn nuôi /n 2.Cơ sở chăn nuôi heo',null)
insert into Question values('QS115',N'Cơ sở/Cửa hàng ngoài xã (cụ thể:','QST001','PKS001',N'B. Tình hình chăn nuôi /n 2.Cơ sở chăn nuôi heo',null)

insert into Question values('QS116',N'Vắc xin có được tiêm phòng theo quy trình: Vắc xin DTLCP','QST002','PKS001',N'B. Tình hình chăn nuôi /n 3.Sử dụng thuốc thú y',null)
insert into Question values('QS117',N'Vắc xin có được tiêm phòng theo quy trình: Dịch tả heo ','QST002','PKS001',N'B. Tình hình chăn nuôi /n 3.Sử dụng thuốc thú y',null)
insert into Question values('QS118',N'Vắc xin có được tiêm phòng theo quy trình: Lở mồm long móng','QST002','PKS001',N'B. Tình hình chăn nuôi /n 3.Sử dụng thuốc thú y',null)
insert into Question values('QS119',N'Vắc xin có được tiêm phòng theo quy trình: Tụ huyết trùng','QST002','PKS001',N'B. Tình hình chăn nuôi /n 3.Sử dụng thuốc thú y',null)
insert into Question values('QS120',N'Vắc xin có được tiêm phòng theo quy trình: Phó thương hàn','QST002','PKS001',N'B. Tình hình chăn nuôi /n 3.Sử dụng thuốc thú y',null)
insert into Question values('QS121',N'Vắc xin có được tiêm phòng theo quy trình: Mycoplasma','QST002','PKS001',N'B. Tình hình chăn nuôi /n 3.Sử dụng thuốc thú y',null)
insert into Question values('QS122',N'Vắc xin có được tiêm phòng theo quy trình: Còi do PCV2','QST002','PKS001',N'B. Tình hình chăn nuôi /n 3.Sử dụng thuốc thú y',null)
insert into Question values('QS123',N'Vắc xin có được tiêm phòng theo quy trình: Tai xanh','QST002','PKS001',N'B. Tình hình chăn nuôi /n 3.Sử dụng thuốc thú y',null)
insert into Question values('QS124',N'Vắc xin có được tiêm phòng theo quy trình: Khác','QST002','PKS001',N'B. Tình hình chăn nuôi /n 3.Sử dụng thuốc thú y',null)
insert into Question values('QS025',N'Đối với Vắc xin DTLCP Ngày tiêm phòng Lần 1._ Lần 2._ Lần3._','QST005','PKS001',N'B. Tình hình chăn nuôi /n 3.Sử dụng thuốc thú y',null)
insert into Question values('QS126',N'Kháng sinh trộn phòng bệnh định kỳ','QST002','PKS001',N'B. Tình hình chăn nuôi /n 3.Sử dụng thuốc thú y',null)
insert into Question values('QS127',N'Nếu có, loại nào','QST001','PKS001',N'B. Tình hình chăn nuôi /n 3.Sử dụng thuốc thú y',null)
insert into Question values('QS128',N'Chế phẩm sinh học','QST002','PKS001',N'B. Tình hình chăn nuôi /n 3.Sử dụng thuốc thú y',null)
insert into Question values('QS129',N'Nếu có, loại nào','QST001','PKS001',N'B. Tình hình chăn nuôi /n 3.Sử dụng thuốc thú y',null)
insert into Question values('QS130',N'Thuốc khác: Các thông tin khác (nếu có):','QST001','PKS001',N'B. Tình hình chăn nuôi /n 3.Sử dụng thuốc thú y',null)
insert into Question values('QS131',N'Chi phí thuốc thú y + thuốc sát trùng bình quân/con (đồng):','QST001','PKS001',N'B. Tình hình chăn nuôi /n 3.Sử dụng thuốc thú y',null)

insert into Question values('QS132',N'Thông tin người  trực tiếp chăn nuôi & Nam & Nữ','QST003','PKS001',N'C.Thông tin người trực tiếp chăn nuôi',null)
insert into Question values('QS133',N'Năm sinh:','QST001','PKS001',N'C.Thông tin người trực tiếp chăn nuôi',null)
insert into Question values('QS134',N'Số năm chăn nuôi ','QST001','PKS001',N'C.Thông tin người trực tiếp chăn nuôi',null)
insert into Question values('QS135',N'Chuyên môn: &Không &Sơ cấp &Trung cấp &Cao đẳng &Đại học trở lên','QST003','PKS001',N'C.Thông tin người trực tiếp chăn nuôi',null)
insert into Question values('QS136',N'Tập huấn chuyên môn','QST002','PKS001',N'C.Thông tin người trực tiếp chăn nuôi',null)
insert into Question values('QS137',N'Người này là &Người trong gia đình &Thuê bên ngoài','QST004','PKS001',N'C.Thông tin người trực tiếp chăn nuôi',null)
insert into Question values('QS138',N'Những người này sống trong khu vực cơ sở chăn nuôi hay bên ngoài & Sống trong khu cơ sở chăn nuôi &Sống bên ngoài','QST004','PKS001',N'C.Thông tin người trực tiếp chăn nuôi',null)
insert into Question values('QS139',N'Những người này có làm nghề liên quan đến thịt/ chăn nuôi khác như: &Dịch vụ CNTY &Lò mổ, bán thịt &Không có làm nghề liên quan','QST004','PKS001',N'C.Thông tin người trực tiếp chăn nuôi',null)
insert into Question values('QS140',N'Trong gia đình (người trực tiếp chăn nuôi) sống chung có ai khác làm nghề liên quan đến thịt/chăn nuôi khác như: &Dịch vụ CNTY &Lò mổ, bán thịt &Không có làm nghề liên quan','QST004','PKS001',N'C.Thông tin người trực tiếp chăn nuôi',null)
insert into Question values('QS141',N'Anh chị biết thông tin về dịch bệnh này từ nguồn nào là quan trọng &Cơ quan thú y địa phương  &Người dân xung quanh  &Đại lý thuốc/cám &Các công ty kinh doanh – hội thảo','QST004','PKS001',N'C.Thông tin người trực tiếp chăn nuôi',null)
insert into Question values('QS142',N'Theo anh chị bệnh xảy ra từ 2 nguồn nào đi vào cơ sở chăn nuôi là quan trọng nhất 1._2._','QST005','PKS001',N'C.Thông tin người trực tiếp chăn nuôi',null)
insert into Question values('QS143',N'Khi nghe có dịch, anh chị đã làm gì để giảm khả năng xảy ra bệnh tại cơ sở mình (làm gì thêm so với quy trình thông thường 1._2._3._','QST005','PKS001',N'C.Thông tin người trực tiếp chăn nuôi',null)
insert into Question values('QS144',N'Anh chị nghĩ cơ quan nhà nước cần làm gì để hạn chế dịch lây lan: ','QST001','PKS001',N'C.Thông tin người trực tiếp chăn nuôi',null)
insert into Question values('QS145',N'Đối với hộ KHÔNG có dịch, Điều gì quan trọng nhất giúp anh chị phòng bệnh hiệu quả','QST001','PKS001',N'C.Thông tin người trực tiếp chăn nuôi',null)
insert into Question values('QS146',N'Đối với hộ CÓ dịch, Điều gì quan trọng nhất lẽ ra anh chị sẽ phải làm để hạn chế dịch','QST001','PKS001',N'C.Thông tin người trực tiếp chăn nuôi',null)
insert into Question values('QS147',N'Anh chị có dự định tiếp tục nuôi sau dịch:','QST002','PKS001',N'C.Thông tin người trực tiếp chăn nuôi',null)
insert into Question values('QS148',N'Nếu có, anh chị sẽ làm gì để không bị tái nhiễm','QST001','PKS001',N'C.Thông tin người trực tiếp chăn nuôi',null)

insert into Question values('QS149',N'Thời gian cơ sở chăn nuôi của anh chị xuất hiện dịch là (tháng/năm):','QST001','PKS001',N'D.Diễn biến dịch ở những họ có bệnh',null)
insert into Question values('QS150',N'Heo xuất hiện triệu chứng bệnh đầu tiên: &Đực &Nái &Heo con < 28 ngày &Heo con 4 đến 10 tuần &Heo thịt trên 10 tuần','QST004','PKS001',N'D.Diễn biến dịch ở những họ có bệnh',null)
insert into Question values('QS151',N'Biểu hiện lâm sàng của những con bệnh:','QST001','PKS001',N'D.Diễn biến dịch ở những họ có bệnh',null)
insert into Question values('QS152',N'Hình dáng: &Bình thường&Dạ dày trống rỗng (xương sườn trũng xuống)&Dạ dày trống rỗng (gầy ốm)&Tình trạng teo cơ (gầy cồm, lộ rõ xương sườn, đốt sống) ','QST006','PKS001',N'D.Diễn biến dịch ở những họ có bệnh',null)


insert into Question values('QS013',N'Khi nghe có dịch, anh chị đã làm gì để giảm khả năng xảy ra bệnh tại cơ sở mình làm gì thêm so với quy trình thông thường1._2._3._','QST006','PKS001')